PDB_ID,original,mutated,direction
1FMK,DWWLAHSLS,DWWLGHSLS,1
1FMK,SNYVAPSDS,SNYVGPSDS,1
1FMK,TTFVALYDY,TTFVGLYDY,1
1FMK,VALYDYESR,VALYAYESR,1
1FMK,RTETDLSFK,RTETALSFK,1
1FMK,FKKGERLQI,FKKGARLQI,1
1FMK,TDLSFKKGE,TDLSAKKGE,1
1FMK,GVTTFVALY,GVTTAVALY,1
1FMK,WWLAHSLST,WWLAASLST,1
1FMK,ERLQIVNNT,ERLQAVNNT,1
1FMK,ERLQIVNNT,ERLQVVNNT,1
1FMK,QTGYIPSNY,QTGYAPSNY,1
1FMK,DLSFKKGER,DLSFAKGER,1
1FMK,LSFKKGERL,LSFKAGERL,1
1FMK,TETDLSFKK,TETDASFKK,1
1FMK,KGERLQIVN,KGERAQIVN,1
1FMK,GDWWLAHSL,GDWWAAHSL,1
1FMK,LAHSLSTGQ,LAHSASTGQ,1
1FMK,TFVALYDYE,TFVAAYDYE,1
1FMK,QIVNNTEGD,QIVNATEGD,1
1FMK,YIPSNYVAP,YIPSAYVAP,1
1FMK,SDFDNAKGL,SDFDAAKGL,1
1FMK,TGYIPSNYV,TGYIASNYV,1
1FMK,NYVAPSDSI,NYVAASDSI,1
1FMK,GERLQIVNN,GERLAIVNN,1
1FMK,LSTGQTGYI,LSTGGTGYI,1
1FMK,KKGERLQIV,KKGEALQIV,1
1FMK,DYESRTETD,DYESATETD,1
1FMK,ETDLSFKKG,ETDLAFKKG,1
1FMK,WLAHSLSTG,WLAHALSTG,1
1FMK,AHSLSTGQT,AHSLATGQT,1
1FMK,GYIPSNYVA,GYIPANYVA,1
1FMK,YVAPSDSIQ,YVAPADSIQ,1
1FMK,YDYESRTET,YDYEARTET,1
1FMK,HSLSTGQTG,HSLSAGQTG,1
1FMK,RESETTKGA,RESEATKGA,1
1FMK,GGVTTFVAL,GGVTAFVAL,1
1FMK,YESRTETDL,YESRAETDL,1
1FMK,RLQIVNNTE,RLQIANNTE,1
1FMK,PSNYVAPSD,PSNYAAPSD,1
1FMK,VTTFVALYD,VTTFAALYD,1
1FMK,TEGDWWLAH,TEGDAWLAH,1
1FMK,EGDWWLAHS,EGDWALAHS,1
1FMK,GQTGYIPSN,GQTGAIPSN,1
1FMK,IPSNYVAPS,IPSNAVAPS,1
1FMK,FVALYDYES,FVALADYES,1
1FMK,ALYDYESRT,ALYDAESRT,1
1FMK,ALYDYESRT,ALYDFESRT,1
1FMK,DWWLGHSLS,DWWLAHSLS,0
1FMK,SNYVGPSDS,SNYVAPSDS,0
1FMK,TTFVGLYDY,TTFVALYDY,0
1FMK,VALYAYESR,VALYDYESR,0
1FMK,RTETALSFK,RTETDLSFK,0
1FMK,FKKGARLQI,FKKGERLQI,0
1FMK,TDLSAKKGE,TDLSFKKGE,0
1FMK,GVTTAVALY,GVTTFVALY,0
1FMK,WWLAASLST,WWLAHSLST,0
1FMK,ERLQAVNNT,ERLQIVNNT,0
1FMK,ERLQVVNNT,ERLQIVNNT,0
1FMK,QTGYAPSNY,QTGYIPSNY,0
1FMK,DLSFAKGER,DLSFKKGER,0
1FMK,LSFKAGERL,LSFKKGERL,0
1FMK,TETDASFKK,TETDLSFKK,0
1FMK,KGERAQIVN,KGERLQIVN,0
1FMK,GDWWAAHSL,GDWWLAHSL,0
1FMK,LAHSASTGQ,LAHSLSTGQ,0
1FMK,TFVAAYDYE,TFVALYDYE,0
1FMK,QIVNATEGD,QIVNNTEGD,0
1FMK,YIPSAYVAP,YIPSNYVAP,0
1FMK,SDFDAAKGL,SDFDNAKGL,0
1FMK,TGYIASNYV,TGYIPSNYV,0
1FMK,NYVAASDSI,NYVAPSDSI,0
1FMK,GERLAIVNN,GERLQIVNN,0
1FMK,LSTGGTGYI,LSTGQTGYI,0
1FMK,KKGEALQIV,KKGERLQIV,0
1FMK,DYESATETD,DYESRTETD,0
1FMK,ETDLAFKKG,ETDLSFKKG,0
1FMK,WLAHALSTG,WLAHSLSTG,0
1FMK,AHSLATGQT,AHSLSTGQT,0
1FMK,GYIPANYVA,GYIPSNYVA,0
1FMK,YVAPADSIQ,YVAPSDSIQ,0
1FMK,YDYEARTET,YDYESRTET,0
1FMK,HSLSAGQTG,HSLSTGQTG,0
1FMK,RESEATKGA,RESETTKGA,0
1FMK,GGVTAFVAL,GGVTTFVAL,0
1FMK,YESRAETDL,YESRTETDL,0
1FMK,RLQIANNTE,RLQIVNNTE,0
1FMK,PSNYAAPSD,PSNYVAPSD,0
1FMK,VTTFAALYD,VTTFVALYD,0
1FMK,TEGDAWLAH,TEGDWWLAH,0
1FMK,EGDWALAHS,EGDWWLAHS,0
1FMK,GQTGAIPSN,GQTGYIPSN,0
1FMK,IPSNAVAPS,IPSNYVAPS,0
1FMK,FVALADYES,FVALYDYES,0
1FMK,ALYDAESRT,ALYDYESRT,0
1FMK,ALYDFESRT,ALYDYESRT,0
1FTG,NFQDAIGIL,NFQDLIGIL,1
1FTG,GKLVAYFGT,GKLVGYFGT,1
1FTG,TDGYDFNDS,TDGYKFNDS,1
1FTG,DNQSDLTDD,DNQSKLTDD,1
1FTG,AEVTDLNDY,AEVTALNDY,1
1FTG,ELQSDWEGL,ELQSKWEGL,1
1FTG,YSELDDVDF,YSELKDVDF,1
1FTG,IGILEEKIS,IGILAEKIS,1
1FTG,WNIGELQSD,WNIGKLQSD,1
1FTG,KIGLFYGTQ,KIGLLYGTQ,1
1FTG,VAYFGTGDQ,VAYFATGDQ,1
1FTG,VAYFGTGDQ,VAYFLTGDQ,1
1FTG,VAYFGTGDQ,VAYFVTGDQ,1
1FTG,VVTLHDVSQ,VVTLADVSQ,1
1FTG,FQDAIGILE,FQDAVGILE,1
1FTG,DAIGILEEK,DAIGVLEEK,1
1FTG,TDDRIKSWV,TDDRVKSWV,1
1FTG,SVAEIIRDE,SVAEVIRDE,1
1FTG,VAEIIRDEF,VAEIARDEF,1
1FTG,VAEIIRDEF,VAEIGRDEF,1
1FTG,VAEIIRDEF,VAEIVRDEF,1
1FTG,YQYLIIGCP,YQYLVIGCP,1
1FTG,QYLIIGCPT,QYLIVGCPT,1
1FTG,KFVGLALDE,KFVGAALDE,1
1FTG,VGLALDEDN,VGLAADEDN,1
1FTG,KKIGLFYGT,KKIGAFYGT,1
1FTG,GYADNFQDA,GYADAFQDA,1
1FTG,EEKISQRGG,EEKIAQRGG,1
1FTG,EGLYSELDD,EGLYAELDD,1
1FTG,GYWSTDGYD,GYWSSDGYD,1
1FTG,GGKTVGYWS,GGKTAGYWS,1
1FTG,NGKFVGLAL,NGKFAGLAL,1
1FTG,IKSWVAQLK,IKSWAAQLK,1
1FTG,KTESVAEII,KTESLAEII,1
1FTG,FGNDVVTLH,FGNDAVTLH,1
1FTG,GNDVVTLHD,GNDVATLHD,1
1FTG,DLNDYQYLI,DLNDFQYLI,1
1FTG,SELDDVDFN,SELDKVDFN,1
1FTG,GILEEKISQ,GILEAKISQ,1
1FTG,ESVAEIIRD,ESVAKIIRD,1
1FTG,VSQAEVTDL,VSQAKVTDL,1
1FTG,GLYSELDDV,GLYSKLDDV,1
1FTG,SDWEGLYSE,SDWEALYSE,1
1FTG,SVAEIIRDE,SVAEAIRDE,1
1FTG,SVAEIIRDE,SVAEGIRDE,1
1FTG,DYQYLIIGC,DYQYAIIGC,1
1FTG,EKISQRGGK,EKISGRGGK,1
1FTG,ADNFQDAIG,ADNFADAIG,1
1FTG,NFQDLIGIL,NFQDAIGIL,0
1FTG,GKLVGYFGT,GKLVAYFGT,0
1FTG,TDGYKFNDS,TDGYDFNDS,0
1FTG,DNQSKLTDD,DNQSDLTDD,0
1FTG,AEVTALNDY,AEVTDLNDY,0
1FTG,ELQSKWEGL,ELQSDWEGL,0
1FTG,YSELKDVDF,YSELDDVDF,0
1FTG,IGILAEKIS,IGILEEKIS,0
1FTG,WNIGKLQSD,WNIGELQSD,0
1FTG,KIGLLYGTQ,KIGLFYGTQ,0
1FTG,VAYFATGDQ,VAYFGTGDQ,0
1FTG,VAYFLTGDQ,VAYFGTGDQ,0
1FTG,VAYFVTGDQ,VAYFGTGDQ,0
1FTG,VVTLADVSQ,VVTLHDVSQ,0
1FTG,FQDAVGILE,FQDAIGILE,0
1FTG,DAIGVLEEK,DAIGILEEK,0
1FTG,TDDRVKSWV,TDDRIKSWV,0
1FTG,SVAEVIRDE,SVAEIIRDE,0
1FTG,VAEIARDEF,VAEIIRDEF,0
1FTG,VAEIGRDEF,VAEIIRDEF,0
1FTG,VAEIVRDEF,VAEIIRDEF,0
1FTG,YQYLVIGCP,YQYLIIGCP,0
1FTG,QYLIVGCPT,QYLIIGCPT,0
1FTG,KFVGAALDE,KFVGLALDE,0
1FTG,VGLAADEDN,VGLALDEDN,0
1FTG,KKIGAFYGT,KKIGLFYGT,0
1FTG,GYADAFQDA,GYADNFQDA,0
1FTG,EEKIAQRGG,EEKISQRGG,0
1FTG,EGLYAELDD,EGLYSELDD,0
1FTG,GYWSSDGYD,GYWSTDGYD,0
1FTG,GGKTAGYWS,GGKTVGYWS,0
1FTG,NGKFAGLAL,NGKFVGLAL,0
1FTG,IKSWAAQLK,IKSWVAQLK,0
1FTG,KTESLAEII,KTESVAEII,0
1FTG,FGNDAVTLH,FGNDVVTLH,0
1FTG,GNDVATLHD,GNDVVTLHD,0
1FTG,DLNDFQYLI,DLNDYQYLI,0
1FTG,SELDKVDFN,SELDDVDFN,0
1FTG,GILEAKISQ,GILEEKISQ,0
1FTG,ESVAKIIRD,ESVAEIIRD,0
1FTG,VSQAKVTDL,VSQAEVTDL,0
1FTG,GLYSKLDDV,GLYSELDDV,0
1FTG,SDWEALYSE,SDWEGLYSE,0
1FTG,SVAEAIRDE,SVAEIIRDE,0
1FTG,SVAEGIRDE,SVAEIIRDE,0
1FTG,DYQYAIIGC,DYQYLIIGC,0
1FTG,EKISGRGGK,EKISQRGGK,0
1FTG,ADNFADAIG,ADNFQDAIG,0
1QLP,DTVFALVNY,DTVFFLVNY,1
1QLP,DTVFALVNY,DTVFILVNY,1
1QLP,DTVFALVNY,DTVFLLVNY,1
1QLP,DTVFALVNY,DTVFVLVNY,1
1QLP,YLGNATAIF,YLGNFTAIF,1
1QLP,YLGNATAIF,YLGNITAIF,1
1QLP,YLGNATAIF,YLGNLTAIF,1
1QLP,YLGNATAIF,YLGNVTAIF,1
1QLP,GNATAIFFL,GNATIIFFL,1
1QLP,GNATAIFFL,GNATLIFFL,1
1QLP,GNATAIFFL,GNATVIFFL,1
1QLP,DRRSASLHL,DRRSISLHL,1
1QLP,DRRSASLHL,DRRSLSLHL,1
1QLP,DRRSASLHL,DRRSVSLHL,1
1QLP,TPNLAEFAF,TPNLIEFAF,1
1QLP,TPNLAEFAF,TPNLLEFAF,1
1QLP,TPNLAEFAF,TPNLPEFAF,1
1QLP,TPNLAEFAF,TPNLVEFAF,1
1QLP,LGTKADTHD,LGTKGDTHD,1
1QLP,STNIFFSPV,STNICFSPV,1
1QLP,STNIFFSPV,STNILFSPV,1
1QLP,LKLSKAVHK,LKLSFAVHK,1
1QLP,LKLSKAVHK,LKLSIAVHK,1
1QLP,LKLSKAVHK,LKLSTAVHK,1
1QLP,LKLSKAVHK,LKLSVAVHK,1
1QLP,LFMGKVVNP,LFMGRVVNP,1
1QLP,FVFLMIEQN,FVFLIIEQN,1
1QLP,PLKLSKAVH,PLKLRKAVH,1
1QLP,QNTKSPLFM,QNTKAPLFM,1
1QLP,VSIATAFAM,VSIAAAFAM,1
1QLP,LSLGTKADT,LSLGAKADT,1
1QLP,EAFTVNFGD,EAFTINFGD,1
1QLP,EAFTVNFGD,EAFTLNFGD,1
1QLP,IVDLVKELD,IVDLIKELD,1
1QLP,IVDLVKELD,IVDLLKELD,1
1QLP,DLSGVTEEA,DLSGITEEA,1
1QLP,DLSGVTEEA,DLSGLTEEA,1
1QLP,IPPEVKFNK,IPPEIKFNK,1
1QLP,IPPEVKFNK,IPPELKFNK,1
1QLP,FFSPVSIAT,FFSPISIAT,1
1QLP,FFSPVSIAT,FFSPLSIAT,1
1QLP,FKGKWERPF,FKGKFERPF,1
1QLP,KLSSWVLLM,KLSSFVLLM,1
1QLP,QINDYVEKG,QINDAVEKG,1
1QLP,QINDYVEKG,QINDWVEKG,1
1QLP,DTVFFLVNY,DTVFALVNY,0
1QLP,DTVFILVNY,DTVFALVNY,0
1QLP,DTVFLLVNY,DTVFALVNY,0
1QLP,DTVFVLVNY,DTVFALVNY,0
1QLP,YLGNFTAIF,YLGNATAIF,0
1QLP,YLGNITAIF,YLGNATAIF,0
1QLP,YLGNLTAIF,YLGNATAIF,0
1QLP,YLGNVTAIF,YLGNATAIF,0
1QLP,GNATIIFFL,GNATAIFFL,0
1QLP,GNATLIFFL,GNATAIFFL,0
1QLP,GNATVIFFL,GNATAIFFL,0
1QLP,DRRSISLHL,DRRSASLHL,0
1QLP,DRRSLSLHL,DRRSASLHL,0
1QLP,DRRSVSLHL,DRRSASLHL,0
1QLP,TPNLIEFAF,TPNLAEFAF,0
1QLP,TPNLLEFAF,TPNLAEFAF,0
1QLP,TPNLPEFAF,TPNLAEFAF,0
1QLP,TPNLVEFAF,TPNLAEFAF,0
1QLP,LGTKGDTHD,LGTKADTHD,0
1QLP,STNICFSPV,STNIFFSPV,0
1QLP,STNILFSPV,STNIFFSPV,0
1QLP,LKLSFAVHK,LKLSKAVHK,0
1QLP,LKLSIAVHK,LKLSKAVHK,0
1QLP,LKLSTAVHK,LKLSKAVHK,0
1QLP,LKLSVAVHK,LKLSKAVHK,0
1QLP,LFMGRVVNP,LFMGKVVNP,0
1QLP,FVFLIIEQN,FVFLMIEQN,0
1QLP,PLKLRKAVH,PLKLSKAVH,0
1QLP,QNTKAPLFM,QNTKSPLFM,0
1QLP,VSIAAAFAM,VSIATAFAM,0
1QLP,LSLGAKADT,LSLGTKADT,0
1QLP,EAFTINFGD,EAFTVNFGD,0
1QLP,EAFTLNFGD,EAFTVNFGD,0
1QLP,IVDLIKELD,IVDLVKELD,0
1QLP,IVDLLKELD,IVDLVKELD,0
1QLP,DLSGITEEA,DLSGVTEEA,0
1QLP,DLSGLTEEA,DLSGVTEEA,0
1QLP,IPPEIKFNK,IPPEVKFNK,0
1QLP,IPPELKFNK,IPPEVKFNK,0
1QLP,FFSPISIAT,FFSPVSIAT,0
1QLP,FFSPLSIAT,FFSPVSIAT,0
1QLP,FKGKFERPF,FKGKWERPF,0
1QLP,KLSSFVLLM,KLSSWVLLM,0
1QLP,QINDAVEKG,QINDYVEKG,0
1QLP,QINDWVEKG,QINDYVEKG,0
1RTB,HIIVACEGN,HIIVGCEGN,1
1RTB,QKNVACKNG,QKNVGCKNG,1
1RTB,YVPVHFDAS,YVPVAFDAS,1
1RTB,ANKHIIVAC,ANKHAIVAC,1
1RTB,ANKHIIVAC,ANKHLIVAC,1
1RTB,ANKHIIVAC,ANKHVIVAC,1
1RTB,NKHIIVACE,NKHIAVACE,1
1RTB,NKHIIVACE,NKHILVACE,1
1RTB,NKHIIVACE,NKHIVVACE,1
1RTB,STMSITDCR,STMSATDCR,1
1RTB,STMSITDCR,STMSGTDCR,1
1RTB,STMSITDCR,STMSLTDCR,1
1RTB,STMSITDCR,STMSVTDCR,1
1RTB,VACKNGQTN,VACKDGQTN,1
1RTB,CEGNPYVPV,CEGNAYVPV,1
1RTB,CEGNPYVPV,CEGNGYVPV,1
1RTB,SSKYPNCAY,SSKYANCAY,1
1RTB,SSKYPNCAY,SSKYGNCAY,1
1RTB,SSKYPNCAY,SSKYSNCAY,1
1RTB,KHIIVACEG,KHIIAACEG,1
1RTB,KHIIVACEG,KHIIIACEG,1
1RTB,KHIIVACEG,KHIILACEG,1
1RTB,GNPYVPVHF,GNPYAPVHF,1
1RTB,GNPYVPVHF,GNPYGPVHF,1
1RTB,PYVPVHFDA,PYVPAHFDA,1
1RTB,PYVPVHFDA,PYVPGHFDA,1
1RTB,VNTFVHESL,VNTFAHESL,1
1RTB,SLADVQAVC,SLADAQAVC,1
1RTB,SLADVQAVC,SLADGQAVC,1
1RTB,SLADVQAVC,SLADIQAVC,1
1RTB,SLADVQAVC,SLADLQAVC,1
1RTB,DVQAVCSQK,DVQAACSQK,1
1RTB,DVQAVCSQK,DVQAICSQK,1
1RTB,DVQAVCSQK,DVQALCSQK,1
1RTB,SQKNVACKN,SQKNAACKN,1
1RTB,SQKNVACKN,SQKNGACKN,1
1RTB,PNCAYKTTQ,PNCAFKTTQ,1
1RTB,KETAAAKFE,KETASAKFE,1
1RTB,PVNTFVHES,PVNTAVHES,1
1RTB,PVNTFVHES,PVNTLVHES,1
1RTB,PVNTFVHES,PVNTVVHES,1
1RTB,NCYQSYSTM,NCYQAYSTM,1
1RTB,NCYQSYSTM,NCYQTYSTM,1
1RTB,KHIIVACEG,KHIIGACEG,1
1RTB,VNTFVHESL,VNTFGHESL,1
1RTB,DVQAVCSQK,DVQAGCSQK,1
1RTB,HIIVGCEGN,HIIVACEGN,0
1RTB,QKNVGCKNG,QKNVACKNG,0
1RTB,YVPVAFDAS,YVPVHFDAS,0
1RTB,ANKHAIVAC,ANKHIIVAC,0
1RTB,ANKHLIVAC,ANKHIIVAC,0
1RTB,ANKHVIVAC,ANKHIIVAC,0
1RTB,NKHIAVACE,NKHIIVACE,0
1RTB,NKHILVACE,NKHIIVACE,0
1RTB,NKHIVVACE,NKHIIVACE,0
1RTB,STMSATDCR,STMSITDCR,0
1RTB,STMSGTDCR,STMSITDCR,0
1RTB,STMSLTDCR,STMSITDCR,0
1RTB,STMSVTDCR,STMSITDCR,0
1RTB,VACKDGQTN,VACKNGQTN,0
1RTB,CEGNAYVPV,CEGNPYVPV,0
1RTB,CEGNGYVPV,CEGNPYVPV,0
1RTB,SSKYANCAY,SSKYPNCAY,0
1RTB,SSKYGNCAY,SSKYPNCAY,0
1RTB,SSKYSNCAY,SSKYPNCAY,0
1RTB,KHIIAACEG,KHIIVACEG,0
1RTB,KHIIIACEG,KHIIVACEG,0
1RTB,KHIILACEG,KHIIVACEG,0
1RTB,GNPYAPVHF,GNPYVPVHF,0
1RTB,GNPYGPVHF,GNPYVPVHF,0
1RTB,PYVPAHFDA,PYVPVHFDA,0
1RTB,PYVPGHFDA,PYVPVHFDA,0
1RTB,VNTFAHESL,VNTFVHESL,0
1RTB,SLADAQAVC,SLADVQAVC,0
1RTB,SLADGQAVC,SLADVQAVC,0
1RTB,SLADIQAVC,SLADVQAVC,0
1RTB,SLADLQAVC,SLADVQAVC,0
1RTB,DVQAACSQK,DVQAVCSQK,0
1RTB,DVQAICSQK,DVQAVCSQK,0
1RTB,DVQALCSQK,DVQAVCSQK,0
1RTB,SQKNAACKN,SQKNVACKN,0
1RTB,SQKNGACKN,SQKNVACKN,0
1RTB,PNCAFKTTQ,PNCAYKTTQ,0
1RTB,KETASAKFE,KETAAAKFE,0
1RTB,PVNTAVHES,PVNTFVHES,0
1RTB,PVNTLVHES,PVNTFVHES,0
1RTB,PVNTVVHES,PVNTFVHES,0
1RTB,NCYQAYSTM,NCYQSYSTM,0
1RTB,NCYQTYSTM,NCYQSYSTM,0
1RTB,KHIIGACEG,KHIIVACEG,0
1RTB,VNTFGHESL,VNTFVHESL,0
1RTB,DVQAGCSQK,DVQAVCSQK,0
1UZC,TKEEAKQAF,TKEEGKQAF,1
1UZC,EAKQAFKEL,EAKQGFKEL,1
1UZC,SWEQAMKMI,SWEQGMKMI,1
1UZC,PRYSALAKL,PRYSGLAKL,1
1UZC,YSALAKLSE,YSALGKLSE,1
1UZC,EKKQAFNAY,EKKQGFNAY,1
1UZC,QAFNAYKVQ,QAFNGYKVQ,1
1UZC,MIINDPRYS,MIINNPRYS,1
1UZC,WNTKEEAKQ,WNTKAEAKQ,1
1UZC,WNTKEEAKQ,WNTKGEAKQ,1
1UZC,ELLKEKRVP,ELLKAKRVP,1
1UZC,ELLKEKRVP,ELLKGKRVP,1
1UZC,AMKMIINDP,AMKMVINDP,1
1UZC,MKMIINDPR,MKMIANDPR,1
1UZC,MKMIINDPR,MKMIGNDPR,1
1UZC,MKMIINDPR,MKMIVNDPR,1
1UZC,KELLKEKRV,KELLAEKRV,1
1UZC,KELLKEKRV,KELLGEKRV,1
1UZC,KLSEKKQAF,KLSEAKQAF,1
1UZC,AFKELLKEK,AFKEALKEK,1
1UZC,RYSALAKLS,RYSAAAKLS,1
1UZC,QAMKMIIND,QAMKAIIND,1
1UZC,RVPSNASWE,RVPSGASWE,1
1UZC,EKRVPSNAS,EKRVGSNAS,1
1UZC,IINDPRYSA,IINDGRYSA,1
1UZC,EEAKQAFKE,EEAKAAFKE,1
1UZC,EEAKQAFKE,EEAKGAFKE,1
1UZC,ASWEQAMKM,ASWEAAMKM,1
1UZC,ASWEQAMKM,ASWEGAMKM,1
1UZC,SEKKQAFNA,SEKKAAFNA,1
1UZC,SEKKQAFNA,SEKKGAFNA,1
1UZC,KRVPSNASW,KRVPANASW,1
1UZC,PSNASWEQA,PSNAAWEQA,1
1UZC,DPRYSALAK,DPRYAALAK,1
1UZC,DPRYSALAK,DPRYGALAK,1
1UZC,LAKLSEKKQ,LAKLAEKKQ,1
1UZC,LAKLSEKKQ,LAKLGEKKQ,1
1UZC,YTWNTKEEA,YTWNAKEEA,1
1UZC,YTWNTKEEA,YTWNSKEEA,1
1UZC,KEKRVPSNA,KEKRAPSNA,1
1UZC,NAYKVQTEK,NAYKAQTEK,1
1UZC,NAYKVQTEK,NAYKGQTEK,1
1UZC,KTYTWNTKE,KTYTFNTKE,1
1UZC,SNASWEQAM,SNASFEQAM,1
1UZC,NDPRYSALA,NDPRASALA,1
1UZC,NDPRYSALA,NDPRFSALA,1
1UZC,AFNAYKVQT,AFNAFKVQT,1
1UZC,TKEEGKQAF,TKEEAKQAF,0
1UZC,EAKQGFKEL,EAKQAFKEL,0
1UZC,SWEQGMKMI,SWEQAMKMI,0
1UZC,PRYSGLAKL,PRYSALAKL,0
1UZC,YSALGKLSE,YSALAKLSE,0
1UZC,EKKQGFNAY,EKKQAFNAY,0
1UZC,QAFNGYKVQ,QAFNAYKVQ,0
1UZC,MIINNPRYS,MIINDPRYS,0
1UZC,WNTKAEAKQ,WNTKEEAKQ,0
1UZC,WNTKGEAKQ,WNTKEEAKQ,0
1UZC,ELLKAKRVP,ELLKEKRVP,0
1UZC,ELLKGKRVP,ELLKEKRVP,0
1UZC,AMKMVINDP,AMKMIINDP,0
1UZC,MKMIANDPR,MKMIINDPR,0
1UZC,MKMIGNDPR,MKMIINDPR,0
1UZC,MKMIVNDPR,MKMIINDPR,0
1UZC,KELLAEKRV,KELLKEKRV,0
1UZC,KELLGEKRV,KELLKEKRV,0
1UZC,KLSEAKQAF,KLSEKKQAF,0
1UZC,AFKEALKEK,AFKELLKEK,0
1UZC,RYSAAAKLS,RYSALAKLS,0
1UZC,QAMKAIIND,QAMKMIIND,0
1UZC,RVPSGASWE,RVPSNASWE,0
1UZC,EKRVGSNAS,EKRVPSNAS,0
1UZC,IINDGRYSA,IINDPRYSA,0
1UZC,EEAKAAFKE,EEAKQAFKE,0
1UZC,EEAKGAFKE,EEAKQAFKE,0
1UZC,ASWEAAMKM,ASWEQAMKM,0
1UZC,ASWEGAMKM,ASWEQAMKM,0
1UZC,SEKKAAFNA,SEKKQAFNA,0
1UZC,SEKKGAFNA,SEKKQAFNA,0
1UZC,KRVPANASW,KRVPSNASW,0
1UZC,PSNAAWEQA,PSNASWEQA,0
1UZC,DPRYAALAK,DPRYSALAK,0
1UZC,DPRYGALAK,DPRYSALAK,0
1UZC,LAKLAEKKQ,LAKLSEKKQ,0
1UZC,LAKLGEKKQ,LAKLSEKKQ,0
1UZC,YTWNAKEEA,YTWNTKEEA,0
1UZC,YTWNSKEEA,YTWNTKEEA,0
1UZC,KEKRAPSNA,KEKRVPSNA,0
1UZC,NAYKAQTEK,NAYKVQTEK,0
1UZC,NAYKGQTEK,NAYKVQTEK,0
1UZC,KTYTFNTKE,KTYTWNTKE,0
1UZC,SNASFEQAM,SNASWEQAM,0
1UZC,NDPRASALA,NDPRYSALA,0
1UZC,NDPRFSALA,NDPRYSALA,0
1UZC,AFNAFKVQT,AFNAYKVQT,0
1WQ5,FYAQCEKVG,FYAQAEKVG,1
1WQ5,FYAQCEKVG,FYAQSEKVG,1
1WQ5,FYAQCEKVG,FYAQVEKVG,1
1WQ5,PIFICPPNA,PIFIAPPNA,1
1WQ5,PIFICPPNA,PIFISPPNA,1
1WQ5,PIFICPPNA,PIFIVPPNA,1
1WQ5,TPAQCFEML,TPAQAFEML,1
1WQ5,TPAQCFEML,TPAQGFEML,1
1WQ5,TPAQCFEML,TPAQSFEML,1
1WQ5,TPAQCFEML,TPAQVFEML,1
1WQ5,ESAPFRQAA,ESAPWRQAA,1
1WQ5,AFVPFVTLG,AFVPLVTLG,1
1WQ5,ALKVFVQPM,ALKVWVQPM,1
1WQ5,PPLQGFGIS,PPLQDFGIS,1
1WQ5,PPLQGFGIS,PPLQSFGIS,1
1WQ5,PPLQGFGIS,PPLQVFGIS,1
1WQ5,PPLQGFGIS,PPLQWFGIS,1
1WQ5,GAISGSAIV,GAISDSAIV,1
1WQ5,GAISGSAIV,GAISKSAIV,1
1WQ5,SLKIIDTLI,SLKIADTLI,1
1WQ5,LVFNKGIDE,LVFNNGIDE,1
1WQ5,VDSVLVADV,VDSVAVADV,1
1WQ5,GYTYLLSRA,GYTYALSRA,1
1WQ5,DALELGIPF,DALEAGIPF,1
1WQ5,IPIGLLMYA,IPIGALMYA,1
1WQ5,RGYTYLLSR,RGYTCLLSR,1
1WQ5,ADALELGIP,ADALALGIP,1
1WQ5,ADALELGIP,ADALCLGIP,1
1WQ5,ADALELGIP,ADALDLGIP,1
1WQ5,ADALELGIP,ADALFLGIP,1
1WQ5,ADALELGIP,ADALGLGIP,1
1WQ5,ADALELGIP,ADALHLGIP,1
1WQ5,ADALELGIP,ADALILGIP,1
1WQ5,ADALELGIP,ADALKLGIP,1
1WQ5,ADALELGIP,ADALLLGIP,1
1WQ5,ADALELGIP,ADALMLGIP,1
1WQ5,ADALELGIP,ADALNLGIP,1
1WQ5,ADALELGIP,ADALQLGIP,1
1WQ5,ADALELGIP,ADALSLGIP,1
1WQ5,ADALELGIP,ADALTLGIP,1
1WQ5,ADALELGIP,ADALVLGIP,1
1WQ5,ADALELGIP,ADALWLGIP,1
1WQ5,ADALELGIP,ADALYLGIP,1
1WQ5,PPLQGFGIS,PPLQEFGIS,1
1WQ5,PPLQGFGIS,PPLQRFGIS,1
1WQ5,FYAQAEKVG,FYAQCEKVG,0
1WQ5,FYAQSEKVG,FYAQCEKVG,0
1WQ5,FYAQVEKVG,FYAQCEKVG,0
1WQ5,PIFIAPPNA,PIFICPPNA,0
1WQ5,PIFISPPNA,PIFICPPNA,0
1WQ5,PIFIVPPNA,PIFICPPNA,0
1WQ5,TPAQAFEML,TPAQCFEML,0
1WQ5,TPAQGFEML,TPAQCFEML,0
1WQ5,TPAQSFEML,TPAQCFEML,0
1WQ5,TPAQVFEML,TPAQCFEML,0
1WQ5,ESAPWRQAA,ESAPFRQAA,0
1WQ5,AFVPLVTLG,AFVPFVTLG,0
1WQ5,ALKVWVQPM,ALKVFVQPM,0
1WQ5,PPLQDFGIS,PPLQGFGIS,0
1WQ5,PPLQSFGIS,PPLQGFGIS,0
1WQ5,PPLQVFGIS,PPLQGFGIS,0
1WQ5,PPLQWFGIS,PPLQGFGIS,0
1WQ5,GAISDSAIV,GAISGSAIV,0
1WQ5,GAISKSAIV,GAISGSAIV,0
1WQ5,SLKIADTLI,SLKIIDTLI,0
1WQ5,LVFNNGIDE,LVFNKGIDE,0
1WQ5,VDSVAVADV,VDSVLVADV,0
1WQ5,GYTYALSRA,GYTYLLSRA,0
1WQ5,DALEAGIPF,DALELGIPF,0
1WQ5,IPIGALMYA,IPIGLLMYA,0
1WQ5,RGYTCLLSR,RGYTYLLSR,0
1WQ5,ADALALGIP,ADALELGIP,0
1WQ5,ADALCLGIP,ADALELGIP,0
1WQ5,ADALDLGIP,ADALELGIP,0
1WQ5,ADALFLGIP,ADALELGIP,0
1WQ5,ADALGLGIP,ADALELGIP,0
1WQ5,ADALHLGIP,ADALELGIP,0
1WQ5,ADALILGIP,ADALELGIP,0
1WQ5,ADALKLGIP,ADALELGIP,0
1WQ5,ADALLLGIP,ADALELGIP,0
1WQ5,ADALMLGIP,ADALELGIP,0
1WQ5,ADALNLGIP,ADALELGIP,0
1WQ5,ADALQLGIP,ADALELGIP,0
1WQ5,ADALSLGIP,ADALELGIP,0
1WQ5,ADALTLGIP,ADALELGIP,0
1WQ5,ADALVLGIP,ADALELGIP,0
1WQ5,ADALWLGIP,ADALELGIP,0
1WQ5,ADALYLGIP,ADALELGIP,0
1WQ5,PPLQEFGIS,PPLQGFGIS,0
1WQ5,PPLQRFGIS,PPLQGFGIS,0
